,Student_id,gender,parental level of education,test preparation course,Software Engineering score,Machine Learningscore,DBMS score,Elective 1 score,Elective 2 score,Attendance,Study hours/Day,Assignment marks,Time spent on social media in mins,Participation in extra cirricular activities,Current Sem percentage,Pass/Fail,Previous sem percentage
0,1,0,1,3,72,72,74,88,69,86.0,3,15,90,0,75.0,1,83
1,2,0,4,2,69,90,88,76,63,86.0,1,15,90,2,77.2,1,94
2,3,0,3,3,90,95,93,95,56,86.0,2,15,90,0,85.8,1,70
3,4,1,0,1,47,57,44,94,40,85.0,2,15,90,2,56.4,0,70
4,5,1,4,3,76,78,75,77,97,86.0,2,15,90,0,80.6,1,67
5,6,0,0,3,71,83,78,73,81,81.0,2,15,90,2,77.2,1,80
6,7,0,4,2,88,95,92,73,74,86.0,2,15,90,1,84.4,1,80
7,8,1,4,3,40,43,39,73,50,86.0,2,15,90,1,49.0,0,80
8,9,1,2,2,64,64,67,73,75,74.0,2,15,90,1,68.6,1,80
9,10,0,2,3,38,60,50,73,57,71.0,2,15,90,1,55.6,0,80
10,11,1,0,1,58,54,52,73,55,78.0,2,15,90,1,58.4,1,84
11,12,1,0,3,40,52,43,73,58,90.0,2,15,90,1,53.2,0,84
12,13,0,2,3,65,81,73,73,53,91.0,2,15,90,1,69.0,1,84
13,14,1,4,2,78,72,70,73,59,65.0,2,15,90,0,70.4,1,84
14,15,0,3,3,50,53,58,73,50,66.0,2,15,90,2,56.8,1,84
15,16,0,5,1,69,75,78,73,65,81.0,2,15,90,2,72.0,1,83
16,17,1,2,3,88,89,86,73,55,81.0,2,15,90,2,78.2,1,83
17,18,0,5,3,18,32,28,73,66,81.0,2,15,90,2,43.4,0,75
18,19,1,3,2,46,42,46,73,57,81.0,2,15,90,2,52.8,0,75
19,20,0,0,1,54,58,61,73,82,81.0,2,15,90,2,65.6,1,75
20,21,1,2,3,66,69,63,73,53,81.0,2,15,90,2,64.8,1,75
21,22,0,4,2,65,75,70,73,77,81.0,2,15,90,2,72.0,1,75
22,23,1,4,3,44,54,53,73,86,81.0,2,15,120,2,62.0,0,75
23,24,0,5,3,69,73,73,55,72,77.0,2,15,120,2,68.4,1,75
24,25,1,1,2,74,71,80,55,90,77.0,2,19,120,2,74.0,1,68
25,26,1,3,3,73,74,72,55,95,77.0,2,19,120,2,73.8,1,68
26,27,1,4,3,69,54,55,55,57,77.0,2,19,120,2,58.0,1,68
27,28,0,1,1,67,69,75,55,78,77.0,5,19,120,2,68.8,1,68
28,29,1,2,3,70,70,65,55,83,77.0,5,19,120,2,68.6,1,68
29,30,0,3,1,62,70,75,55,95,77.0,5,19,120,2,71.4,1,68
30,31,0,4,3,69,74,74,55,43,77.0,5,19,120,2,63.0,0,68
31,32,0,4,3,63,65,61,55,64,77.0,5,19,120,2,61.6,1,83
32,33,0,3,3,56,72,65,55,60,77.0,5,19,120,2,61.6,1,94
33,34,1,4,1,40,42,38,55,54,92.0,5,19,120,2,45.8,0,70
34,35,1,4,3,97,87,82,55,52,94.0,5,19,120,2,74.6,1,70
35,36,1,0,2,81,81,79,55,81,69.0,3,19,120,2,75.4,1,67
36,37,0,0,3,74,81,83,55,72,100.0,3,19,30,1,73.0,1,80
37,38,0,5,3,50,64,59,64,53,100.0,3,19,30,1,58.0,1,80
38,39,0,0,2,75,90,88,63,75,98.0,3,19,30,1,78.2,1,80
39,40,1,0,3,57,56,57,61,89,97.0,3,19,30,1,64.0,1,80
40,41,1,0,3,55,61,54,89,32,82.0,3,19,30,1,58.2,0,80
41,42,0,0,1,58,73,68,93,42,82.0,3,19,30,1,66.8,0,84
42,43,0,0,3,53,58,65,96,58,82.0,3,19,30,1,66.0,1,84
43,44,1,4,2,59,65,66,99,69,82.0,3,19,30,1,71.6,1,84
44,45,0,0,3,50,56,54,75,75,82.0,3,19,30,1,62.0,1,84
45,46,1,0,3,65,54,57,54,54,82.0,3,19,30,1,56.8,1,84
46,47,0,0,2,55,65,62,86,65,82.0,3,19,30,1,66.6,1,83
47,48,0,2,1,66,71,76,92,71,82.0,3,19,30,1,75.2,1,83
48,49,0,0,2,57,74,76,50,74,82.0,3,19,30,1,66.2,1,75
49,50,1,2,2,82,84,82,90,84,82.0,3,19,30,1,84.4,1,75
50,51,1,4,3,53,55,48,77,55,82.0,3,19,30,0,57.6,0,75
51,52,1,0,2,77,69,68,66,69,82.0,3,19,30,0,69.8,1,75
52,53,1,4,3,53,44,42,66,44,82.0,1,19,30,0,49.8,0,75
53,54,1,2,3,88,78,75,66,78,80.0,1,19,30,0,77.0,1,75
54,55,0,5,2,71,84,87,66,84,80.0,1,19,30,0,78.4,1,75
55,56,0,2,3,33,41,43,66,41,80.0,1,19,30,0,44.8,0,68
56,57,0,0,2,82,85,86,30,85,80.0,1,19,30,0,73.6,0,68
57,58,1,0,3,52,55,49,32,55,80.0,1,19,30,0,48.6,0,68
58,59,1,4,2,58,59,58,36,59,80.0,1,19,30,0,54.0,0,68
59,60,0,5,3,0,17,10,40,17,80.0,1,19,30,0,16.8,0,68
60,61,1,1,2,79,74,72,80,74,80.0,1,19,30,0,75.8,1,68
61,62,1,5,1,39,39,34,40,39,80.0,1,19,30,0,38.2,0,68
62,63,1,0,3,62,61,55,66,61,80.0,1,19,30,0,61.0,1,70
63,64,0,0,1,69,80,71,91,80,75.0,1,19,30,0,78.2,1,72
64,65,0,5,3,59,58,59,66,58,74.0,1,19,30,0,60.0,1,73
65,66,1,5,1,67,64,61,66,64,78.0,1,19,30,0,64.4,1,66
66,67,1,5,3,45,37,37,66,37,79.0,1,19,30,2,44.4,0,65
67,68,0,4,3,60,72,74,66,72,79.0,1,19,30,2,68.8,1,85
68,69,1,0,1,61,58,56,66,58,79.0,1,19,30,2,59.8,1,85
69,70,0,0,3,39,64,57,66,64,84.0,4,19,30,2,58.0,0,85
70,71,0,4,2,58,63,73,66,63,84.0,4,19,30,2,64.6,1,85
71,72,1,4,2,63,55,63,66,54,84.0,4,19,30,2,60.2,1,85
72,73,0,0,3,41,51,48,66,63,84.0,4,19,30,2,53.8,0,85
73,74,1,5,3,61,57,56,66,34,84.0,4,19,30,2,54.8,0,83
74,75,1,5,3,49,49,41,66,82,84.0,4,19,30,2,57.4,0,94
75,76,1,0,1,44,41,38,66,88,84.0,4,19,30,2,55.4,0,70
76,77,1,5,3,30,26,22,66,74,84.0,4,19,30,2,43.6,0,70
77,78,1,1,2,80,78,81,66,67,84.0,4,19,30,2,74.4,1,67
78,79,0,5,2,61,74,72,66,82,84.0,4,19,30,2,71.0,1,80
79,80,0,3,3,62,68,68,66,74,84.0,4,19,30,2,67.6,1,80
80,81,0,0,3,47,49,50,66,36,84.0,4,19,30,2,49.6,0,80
81,82,1,2,3,49,45,45,66,71,84.0,4,19,30,2,55.2,0,80
82,83,1,4,2,50,47,54,66,50,84.0,4,19,30,2,53.4,0,80
83,84,1,0,3,72,64,63,66,92,84.0,4,20,30,2,71.4,1,84
84,85,1,2,3,42,39,34,66,82,84.0,4,20,30,2,52.6,0,84
85,86,0,4,3,73,80,82,66,62,84.0,4,20,30,2,72.6,1,84
86,87,0,4,1,76,83,88,66,70,84.0,4,20,30,2,76.6,1,84
87,88,0,0,3,71,71,74,66,62,84.0,4,20,30,2,68.8,1,84
88,89,0,4,3,58,70,67,66,62,84.0,4,20,30,2,64.6,1,83
89,90,0,5,3,73,86,82,66,67,84.0,4,20,30,2,74.8,1,83
90,91,0,1,1,65,72,74,66,74,84.0,4,20,30,2,70.2,1,75
91,92,1,2,3,27,34,36,66,89,84.0,4,20,30,2,50.4,0,75
92,93,1,2,3,71,79,71,66,47,84.0,4,20,30,2,66.8,0,75
93,94,1,0,2,43,45,50,66,90,84.0,4,20,30,2,58.8,0,75
94,95,0,4,3,79,86,92,66,72,84.0,4,20,30,2,79.0,1,75
95,96,1,0,2,78,81,82,66,100,84.0,4,20,30,2,81.4,1,75
96,97,1,5,2,65,66,62,66,64,84.0,4,20,30,2,64.6,1,75
97,98,0,4,2,63,72,70,66,70,84.0,4,20,30,2,68.2,1,68
98,99,0,4,3,58,67,62,66,72,90.0,4,20,30,2,65.0,1,68
99,100,0,1,3,65,67,62,66,98,90.0,4,20,30,2,71.6,1,68
100,101,1,4,3,79,67,67,66,49,90.0,4,20,30,2,65.6,0,68
101,102,1,1,2,68,74,74,66,47,90.0,4,20,30,2,65.8,0,68
102,103,0,0,3,85,91,89,66,54,90.0,4,20,30,2,77.0,1,68
103,104,1,2,2,60,44,47,66,100,90.0,4,20,30,2,63.4,0,68
104,105,1,4,2,98,86,90,66,74,90.0,4,20,30,2,82.8,1,83
105,106,0,4,3,58,67,72,66,54,90.0,4,20,30,2,63.4,1,94
106,107,0,3,3,87,100,100,66,63,90.0,4,14,30,2,83.2,1,70
107,108,1,0,2,66,63,64,66,34,90.0,4,14,30,2,58.6,0,70
108,109,0,0,3,52,76,70,66,82,90.0,4,14,30,2,69.2,1,67
109,110,0,5,3,70,64,72,66,88,90.0,4,14,30,2,72.0,1,80
110,111,0,0,2,77,89,98,66,74,90.0,4,14,30,2,80.8,1,80
111,112,1,2,3,62,55,49,66,67,90.0,4,14,30,2,59.8,0,80
112,113,1,0,3,54,53,47,66,82,75.0,4,14,30,2,60.4,0,80
113,114,0,4,3,51,58,54,66,74,91.0,4,14,30,2,60.6,1,80
114,115,0,1,2,99,100,100,66,36,93.0,4,14,30,2,80.2,0,84
115,116,1,2,3,84,77,74,66,71,97.0,4,14,30,2,74.4,1,84
116,117,0,1,3,75,85,82,66,50,95.0,4,14,30,2,71.6,1,84
117,118,0,1,1,78,82,79,66,92,66.0,4,14,30,2,79.4,1,84
118,119,0,5,3,51,63,61,66,82,71.0,4,14,150,2,64.6,1,84
119,120,0,4,3,55,69,65,66,62,72.0,1,10,150,2,63.4,1,83
120,121,0,1,2,79,92,89,66,70,79.0,1,10,150,2,79.2,1,83
121,122,1,0,2,91,89,92,77,62,78.0,1,10,150,2,82.2,1,75
122,123,0,4,2,88,93,93,70,62,78.0,1,10,150,2,81.2,1,75
123,124,1,2,3,63,57,56,75,67,78.0,1,10,150,2,63.6,1,75
124,125,1,4,1,83,80,73,75,74,78.0,1,10,150,2,77.0,1,75
125,126,0,2,3,87,95,86,75,89,78.0,1,10,150,1,86.4,1,75
126,127,1,5,3,72,68,67,75,47,78.0,1,10,150,1,65.8,0,75
127,128,1,4,2,65,77,74,75,90,78.0,1,10,150,1,76.2,1,75
128,129,1,3,3,82,82,74,75,72,78.0,1,10,150,1,77.0,1,68
129,130,0,1,1,51,49,51,75,100,78.0,1,10,150,1,65.2,0,68
130,131,1,3,3,89,84,82,75,64,78.0,1,10,150,1,78.8,1,68
131,132,1,5,2,53,37,40,75,70,78.0,1,10,150,1,55.0,0,68
132,133,1,4,2,87,74,70,75,72,80.0,1,10,150,1,75.6,1,68
133,134,0,4,1,75,81,84,75,98,67.0,1,12,150,1,82.6,1,68
134,135,1,1,2,74,79,75,75,49,67.0,1,12,150,1,70.4,0,68
135,136,1,1,3,58,55,48,75,47,94.0,1,12,150,1,56.6,0,70
136,137,1,5,2,51,54,41,75,54,100.0,1,12,150,1,55.0,0,72
137,138,1,2,3,70,55,56,75,100,100.0,5,20,150,1,71.2,1,73
138,139,0,0,3,59,66,67,75,74,99.0,2,12,100,1,68.2,1,66
139,140,1,4,2,71,61,69,75,54,82.0,2,13,100,1,66.0,1,65
140,141,0,5,3,76,72,71,75,63,82.0,2,13,100,1,71.4,1,85
141,142,0,4,3,59,62,64,75,34,82.0,2,14,100,1,58.8,0,85
142,143,0,4,2,42,55,54,75,82,82.0,2,15,100,1,61.6,0,85
143,144,1,2,3,57,43,47,75,88,82.0,2,13,100,1,62.0,0,85
144,145,1,4,1,88,73,78,75,74,82.0,2,12,100,1,77.6,1,85
145,146,0,4,3,22,39,33,75,67,82.0,2,11,100,1,47.2,0,85
146,147,1,5,3,88,84,75,80,82,82.0,2,16,100,1,81.8,1,70
147,148,1,0,3,73,68,66,80,74,82.0,2,16,100,1,72.2,1,72
148,149,0,1,2,68,75,81,80,36,82.0,2,16,100,1,68.0,0,73
149,150,1,0,2,100,100,93,98,71,82.0,2,16,100,1,92.4,1,66
150,151,1,5,2,62,67,69,34,50,82.0,2,16,100,1,56.4,0,65
151,152,1,1,3,77,67,68,67,92,82.0,2,16,100,1,74.2,1,85
152,153,0,0,2,59,70,66,78,82,82.0,2,16,100,1,71.0,1,85
153,154,1,1,3,54,49,47,45,62,82.0,2,16,100,1,51.4,0,85
154,155,1,5,3,62,67,61,45,70,82.0,2,16,200,1,61.0,0,85
155,156,0,4,2,70,89,88,45,62,83.0,2,16,200,1,70.8,0,85
156,157,0,2,2,66,74,78,45,62,83.0,2,16,200,1,65.0,0,85
157,158,1,4,3,60,60,60,45,67,83.0,2,16,200,1,58.4,0,70
158,159,0,0,2,61,86,87,45,74,83.0,2,16,200,1,70.6,0,72
159,160,1,0,3,66,62,64,89,89,83.0,2,16,200,1,74.0,1,73
160,161,1,0,2,82,78,74,44,47,83.0,2,16,200,1,65.0,0,70
161,162,0,4,2,75,88,85,44,90,83.0,2,16,200,1,76.4,0,70
162,163,1,3,3,49,53,52,67,72,83.0,2,16,200,1,58.6,0,70
163,164,1,2,3,52,53,49,34,100,83.0,2,16,200,1,57.6,0,95
164,165,0,3,3,81,92,91,89,64,83.0,2,16,200,1,83.4,1,80
165,166,0,1,2,96,100,100,89,70,83.0,2,16,200,1,91.0,1,80
166,167,1,2,2,53,51,51,76,72,83.0,2,17,200,1,60.6,1,80
167,168,0,3,2,58,76,78,76,98,83.0,2,17,200,1,77.2,1,80
168,169,0,2,2,68,83,78,76,49,83.0,2,17,200,1,70.8,0,80
169,170,0,4,2,67,75,70,76,47,75.0,2,17,200,1,67.0,0,80
170,171,1,2,2,72,73,74,76,54,75.0,2,17,25,1,69.8,1,80
171,172,1,5,3,94,88,78,76,100,75.0,2,17,25,1,87.2,1,80
172,173,0,4,3,79,86,81,55,74,75.0,2,17,25,1,75.0,1,80
173,174,0,0,3,63,67,70,55,54,75.0,2,17,25,1,61.8,1,80
174,175,0,1,2,43,51,54,55,63,75.0,2,17,25,1,53.2,0,80
175,176,0,3,2,81,91,87,55,34,75.0,2,17,25,1,69.6,0,80
176,177,0,2,2,46,54,58,55,82,75.0,2,17,25,1,59.0,0,80
177,178,0,0,2,71,77,77,55,88,75.0,2,17,25,1,73.6,1,80
178,179,0,3,2,52,70,62,88,74,90.0,2,17,25,1,69.2,1,80
179,180,0,5,2,97,100,100,89,67,90.0,2,17,25,0,90.6,1,90
180,181,1,3,2,62,68,75,55,82,90.0,2,17,25,0,68.4,1,69
181,182,0,4,3,46,64,66,55,74,90.0,2,17,25,0,61.0,0,69
182,183,0,2,3,50,50,47,55,36,90.0,2,17,25,0,47.6,0,69
183,184,0,0,3,65,69,70,55,71,90.0,2,17,45,0,66.0,1,69
184,185,1,5,2,45,52,49,55,50,90.0,2,17,45,0,50.2,0,69
185,186,1,0,2,65,67,65,55,92,90.0,2,17,45,0,68.8,1,69
186,187,1,2,3,80,76,65,55,82,90.0,2,17,45,0,71.6,1,69
187,188,1,5,2,62,66,68,55,62,70.0,2,17,45,0,62.6,1,69
188,189,1,5,3,48,52,45,55,70,70.0,2,17,45,0,54.0,0,69
189,190,0,1,1,77,88,87,55,62,70.0,2,17,45,0,73.8,1,69
190,191,0,0,3,66,65,69,55,62,70.0,2,17,45,0,63.4,1,69
191,192,1,4,2,76,83,79,55,67,70.0,2,17,45,0,72.0,1,69
192,193,0,5,3,62,64,66,55,74,70.0,2,17,45,0,64.2,1,69
193,194,1,4,2,77,62,62,61,89,70.0,2,17,45,0,70.2,1,69
194,195,0,3,2,69,84,85,61,47,70.0,2,17,45,0,69.2,0,69
195,196,1,0,3,61,55,52,61,90,70.0,2,13,45,0,63.8,1,69
196,197,1,5,2,59,69,65,61,72,70.0,2,13,45,0,65.2,1,69
197,198,1,2,3,55,56,51,61,100,70.0,2,13,45,0,64.6,1,89
198,199,0,4,1,45,53,55,61,64,70.0,2,13,45,0,55.6,0,73
199,200,0,1,3,78,79,76,61,70,70.0,2,13,45,0,72.8,1,73
200,201,0,0,2,67,84,86,61,72,70.0,2,13,45,0,74.0,1,73
201,202,0,4,3,65,81,77,61,98,70.0,2,13,45,0,76.4,1,73
202,203,1,0,1,69,77,69,61,49,70.0,2,13,45,0,65.0,0,73
203,204,0,0,3,57,69,68,61,47,70.0,2,13,45,0,60.4,0,73
204,205,1,4,3,59,41,42,61,54,70.0,2,13,45,0,51.4,0,73
205,206,1,5,2,74,71,78,61,100,70.0,2,13,45,0,76.8,1,73
206,207,1,1,3,82,62,62,61,74,70.0,2,13,45,0,68.2,1,73
207,208,1,2,2,81,80,76,61,54,70.0,2,13,45,0,70.4,1,73
208,209,0,4,3,74,81,76,61,63,80.0,2,13,60,0,71.0,1,73
209,210,0,4,3,58,61,66,80,34,80.0,2,13,60,0,59.8,0,73
210,211,1,5,2,80,79,79,80,82,80.0,2,15,60,0,80.0,1,73
211,212,1,4,3,35,28,27,80,88,80.0,2,15,60,0,51.6,0,73
212,213,0,2,3,42,62,60,80,74,80.0,2,15,60,0,63.6,0,73
213,214,1,0,2,60,51,56,80,67,80.0,2,15,60,0,62.8,1,73
214,215,1,2,2,87,91,81,80,82,80.0,2,15,60,0,84.2,1,65
215,216,1,5,1,84,83,75,80,74,80.0,2,15,60,0,79.2,1,85
216,217,0,0,2,83,86,88,80,36,80.0,2,15,60,0,74.6,0,85
217,218,0,2,3,34,42,39,80,71,80.0,2,15,60,0,53.2,0,85
218,219,1,2,3,66,77,70,80,50,80.0,2,20,60,2,68.6,1,85
219,220,1,5,2,61,56,56,80,92,80.0,2,20,60,2,69.0,1,85
220,221,0,2,2,56,68,74,80,82,80.0,2,20,60,2,72.0,1,85
221,222,1,0,3,87,85,73,80,62,80.0,2,20,60,2,77.4,1,65
222,223,0,5,1,55,65,62,80,70,80.0,2,20,60,2,66.4,1,85
223,224,1,5,3,86,80,75,80,62,80.0,2,20,60,2,76.6,1,85
224,225,0,0,2,52,66,73,80,62,80.0,2,20,60,2,66.6,1,85
225,226,0,3,3,45,56,54,40,67,90.0,2,20,60,2,52.4,0,85
226,227,0,4,3,72,72,71,40,74,90.0,2,20,60,2,65.8,0,85
227,228,1,2,3,57,50,54,55,89,90.0,2,20,60,2,61.0,1,85
228,229,1,5,3,68,72,64,55,47,90.0,2,10,60,2,61.2,0,85
229,230,0,4,2,88,95,94,55,90,90.0,2,10,60,2,84.4,1,85
230,231,1,4,3,76,64,66,55,72,90.0,2,10,60,2,66.6,1,85
231,232,1,0,1,46,43,42,66,100,90.0,2,10,60,2,59.4,0,96
232,233,0,1,3,67,86,83,66,64,90.0,2,10,60,2,73.2,1,85
233,234,1,5,3,92,87,78,66,70,90.0,2,10,60,2,78.6,1,85
234,235,1,1,2,83,82,84,66,72,90.0,2,10,60,2,77.4,1,70
235,236,1,0,3,80,75,77,66,98,90.0,2,10,60,2,79.2,1,72
236,237,1,1,3,63,66,67,66,49,90.0,2,10,60,2,62.2,0,73
237,238,0,5,2,64,60,74,66,47,90.0,2,10,60,2,62.2,0,66
238,239,1,4,1,54,52,51,66,54,90.0,2,10,60,2,55.4,1,65
239,240,1,0,3,84,80,80,66,100,90.0,2,10,60,2,82.0,1,85
240,241,1,2,2,73,68,66,66,74,90.0,2,10,60,2,69.4,1,85
241,242,0,1,3,80,83,83,66,83,90.0,2,14,60,2,79.0,1,85
242,243,0,2,1,56,52,55,66,55,90.0,2,14,60,2,56.8,1,85
243,244,1,4,3,59,51,43,66,43,90.0,2,14,60,2,52.4,0,85
244,245,1,5,1,75,74,69,66,69,90.0,2,14,60,2,70.6,1,85
245,246,1,0,3,85,76,71,66,71,90.0,2,14,60,2,73.8,1,70
246,247,1,0,3,89,76,74,66,74,90.0,2,14,60,2,75.8,1,72
247,248,0,2,2,58,70,68,66,68,90.0,2,14,60,2,66.0,1,73
248,249,0,2,3,65,64,62,66,62,90.0,2,14,60,2,63.8,1,70
249,250,1,2,3,68,60,53,66,53,90.0,2,14,75,2,60.0,1,70
250,251,1,5,2,47,49,49,66,49,90.0,2,14,75,2,52.0,0,83
251,252,0,4,3,71,83,83,66,83,90.0,2,14,75,2,77.2,1,94
252,253,0,5,2,60,70,70,66,70,90.0,2,14,75,2,67.2,1,70
253,254,1,3,3,80,80,72,66,72,86.0,2,14,75,2,74.0,1,70
254,255,1,2,1,54,52,52,66,52,86.0,2,14,75,2,55.2,1,67
255,256,0,4,3,62,73,70,66,70,81.0,2,14,75,2,68.2,1,80
256,257,0,0,3,64,73,68,66,68,82.0,2,14,75,2,67.8,1,80
257,258,1,0,2,78,77,77,66,77,83.0,2,14,75,2,75.0,1,80
258,259,0,4,3,70,75,78,66,78,84.0,2,14,75,2,73.4,1,80
259,260,0,3,2,65,81,81,66,81,85.0,2,14,75,2,74.8,1,80
260,261,0,5,2,64,79,77,66,77,86.0,2,14,75,2,72.6,1,84
261,262,1,4,2,79,79,78,66,78,87.0,2,16,75,2,76.0,1,84
262,263,0,5,3,44,50,51,66,51,88.0,2,16,75,2,52.4,0,84
263,264,0,2,3,99,93,90,66,90,89.0,2,16,75,2,87.6,1,84
264,265,1,2,1,76,73,68,66,68,90.0,2,16,75,2,70.2,1,84
265,266,1,5,3,59,42,41,66,41,88.0,2,16,75,2,49.8,0,83
266,267,0,1,3,63,75,81,76,81,88.0,2,16,75,2,75.2,1,83
267,268,0,2,3,69,72,77,76,77,88.0,2,16,75,2,74.2,1,75
268,269,0,0,2,88,92,95,76,95,88.0,2,16,75,2,89.2,1,75
269,270,0,4,3,71,76,70,76,70,88.0,2,16,75,2,72.6,1,75
270,271,1,1,1,69,63,61,76,61,88.0,2,16,75,2,66.0,1,75
271,272,1,4,3,58,49,42,76,42,88.0,2,16,80,2,53.4,0,75
272,273,0,0,3,47,53,58,76,58,88.0,2,16,80,2,58.4,0,75
273,274,0,4,3,65,70,71,76,71,88.0,2,16,80,2,70.6,1,75
274,275,1,4,2,88,85,76,76,76,88.0,2,16,80,2,80.2,1,68
275,276,1,1,3,83,78,73,76,73,88.0,2,16,80,2,76.6,1,68
276,277,0,5,2,85,92,93,76,93,88.0,2,16,80,2,87.8,1,68
277,278,0,2,2,59,63,75,76,75,88.0,2,16,80,2,69.6,1,68
278,279,0,5,3,65,86,80,76,80,88.0,2,16,80,2,77.4,1,68
279,280,1,1,1,73,56,57,76,57,88.0,2,16,80,2,63.8,1,68
280,281,1,2,3,53,52,42,34,42,88.0,2,20,80,2,44.6,0,68
281,282,1,2,3,45,48,46,75,46,88.0,2,11,80,2,52.0,0,83
282,283,0,1,3,73,79,84,75,84,88.0,2,9,80,2,79.0,1,94
283,284,0,4,2,70,78,78,75,78,88.0,2,8,80,2,75.8,1,83
284,285,0,5,3,37,46,46,75,46,88.0,2,7,80,2,50.0,0,94
285,286,1,0,2,81,82,82,75,82,88.0,2,11,80,2,80.4,1,70
286,287,1,0,2,97,82,88,75,88,88.0,2,11,80,2,86.0,1,70
287,288,0,5,3,67,89,82,75,82,88.0,2,12,80,2,79.0,1,67
288,289,1,1,3,88,75,76,75,76,88.0,2,12,80,2,78.0,1,80
289,290,1,5,2,77,76,77,75,77,88.0,2,12,80,2,76.4,1,80
290,291,1,0,3,76,70,68,75,68,88.0,2,12,80,2,71.4,1,80
291,292,1,5,3,86,73,70,75,70,88.0,2,12,80,2,74.8,1,80
292,293,1,5,2,63,60,57,75,57,88.0,2,12,80,2,62.4,1,80
293,294,0,1,3,65,73,75,75,75,88.0,2,12,80,2,72.6,1,84
294,295,1,2,2,78,77,80,75,80,88.0,2,15,80,2,78.0,1,84
295,296,1,0,3,67,62,60,75,60,88.0,2,15,80,2,64.8,1,84
296,297,1,5,2,46,41,43,75,43,88.0,2,15,80,2,49.6,0,84
297,298,1,0,2,71,74,68,75,68,88.0,2,15,80,2,71.2,1,84
298,299,1,2,2,40,46,50,75,50,88.0,2,15,80,2,52.2,0,83
299,300,1,0,3,90,87,75,75,75,88.0,2,15,80,2,80.4,1,83
300,301,1,4,2,81,78,81,75,81,88.0,2,15,80,2,79.2,1,75
301,302,1,5,3,56,54,52,75,35,88.0,2,15,80,2,54.4,0,75
302,303,0,0,2,67,84,81,75,58,88.0,2,15,80,2,73.0,1,75
303,304,1,0,3,80,76,64,75,61,88.0,2,15,40,2,71.2,1,75
304,305,0,0,2,74,75,83,75,69,88.0,2,15,40,2,75.2,1,75
305,306,1,4,3,69,67,69,75,67,88.0,2,18,40,2,69.4,1,75
306,307,1,4,2,99,87,81,75,79,88.0,2,18,40,2,84.2,1,75
307,308,1,5,3,51,52,44,75,72,88.0,2,18,40,2,58.8,0,68
308,309,0,0,1,53,71,67,75,62,88.0,2,18,40,2,65.6,1,68
309,310,0,2,3,49,57,52,75,77,88.0,2,18,40,2,62.0,0,68
310,311,0,0,1,73,76,80,75,75,88.0,2,18,40,2,75.8,1,68
311,312,1,1,3,66,60,57,75,87,88.0,2,18,40,2,69.0,1,68
312,313,1,1,2,67,61,68,75,52,88.0,2,18,40,2,64.6,1,68
313,314,0,0,2,68,67,69,75,66,88.0,2,18,40,2,69.0,1,68
314,315,0,1,2,59,64,75,75,63,88.0,2,18,40,2,67.2,1,83
315,316,1,2,3,71,66,65,75,46,88.0,2,18,40,2,64.6,0,94
316,317,0,3,2,77,82,91,75,59,88.0,2,18,40,2,76.8,1,83
317,318,1,0,3,83,72,78,75,61,88.0,2,18,40,2,73.8,1,94
318,319,1,1,3,63,71,69,75,63,88.0,2,18,40,2,68.2,1,70
319,320,0,0,3,56,65,63,75,42,91.0,2,18,40,2,60.2,0,70
320,321,0,2,2,67,79,84,75,59,93.0,2,18,40,2,72.8,1,67
321,322,0,2,3,75,86,79,75,80,94.0,2,18,40,2,79.0,1,80
322,323,0,4,3,71,81,80,75,58,94.0,2,18,40,2,73.0,1,80
323,324,0,5,3,43,53,53,75,85,100.0,2,18,40,2,61.8,0,80
324,325,0,2,1,41,46,43,75,52,99.0,2,18,40,2,51.4,0,80
325,326,0,4,3,82,90,94,75,27,99.0,2,18,40,2,73.6,0,80
326,327,1,4,3,61,61,62,75,59,70.0,2,18,40,2,63.6,1,84
327,328,1,4,1,28,23,19,75,49,70.0,2,18,40,2,38.8,0,84
328,329,1,0,2,82,75,77,75,69,70.0,2,18,40,2,75.6,1,84
329,330,0,5,3,41,55,51,75,61,70.0,2,18,40,2,56.6,0,84
330,331,1,2,3,71,60,61,75,44,70.0,2,18,40,2,62.2,0,84
331,332,1,0,3,47,37,35,75,73,70.0,2,18,40,2,53.4,0,83
332,333,1,0,2,62,56,53,75,84,70.0,2,18,40,2,66.0,1,83
333,334,1,0,3,90,78,81,75,45,70.0,2,18,40,2,73.8,0,75
334,335,0,1,1,83,93,95,75,74,70.0,2,18,40,2,84.0,1,75
335,336,0,4,3,61,68,66,75,82,70.0,2,18,40,2,70.4,1,75
336,337,1,5,2,76,70,69,75,59,70.0,2,18,40,2,69.8,1,75
337,338,1,0,1,49,51,43,75,46,70.0,2,18,40,2,52.8,0,75
338,339,0,5,3,24,38,27,75,80,70.0,2,18,40,2,48.8,0,75
339,340,0,5,2,35,55,60,75,85,70.0,2,18,40,2,62.0,0,75
340,341,1,2,3,58,61,52,75,71,70.0,2,18,40,2,63.4,1,68
341,342,0,2,3,61,73,63,75,66,70.0,2,18,40,2,67.6,1,68
342,343,0,2,2,69,76,74,75,80,70.0,2,18,40,2,74.8,1,68
343,344,1,0,2,67,72,67,75,87,70.0,2,18,40,2,73.6,1,68
344,345,1,4,3,79,73,67,75,79,70.0,2,18,40,2,74.6,1,68
345,346,0,2,3,72,80,75,75,38,70.0,2,18,40,2,68.0,0,68
346,347,1,4,3,62,61,57,75,38,70.0,2,18,40,2,58.6,0,68
347,348,0,1,2,77,94,95,75,67,70.0,2,18,40,2,81.6,1,83
348,349,1,2,3,75,74,66,75,64,85.0,2,18,40,2,70.8,1,94
349,350,1,0,1,87,74,76,75,57,85.0,2,18,40,2,73.8,1,80
350,351,0,1,3,52,65,69,75,62,85.0,2,18,40,2,64.6,1,80
351,352,1,4,3,66,57,52,75,73,85.0,2,18,40,2,64.6,1,80
352,353,0,4,2,63,78,80,75,73,85.0,2,18,40,2,73.8,1,80
353,354,0,0,1,46,58,57,75,77,85.0,2,18,40,2,62.6,0,80
354,355,0,4,3,59,71,70,75,76,85.0,2,18,40,2,70.2,1,80
355,356,0,1,3,61,72,70,49,57,85.0,2,18,40,2,61.8,0,80
356,357,1,0,3,63,61,61,49,65,85.0,2,18,40,2,59.8,0,80
357,358,0,4,2,42,66,69,49,48,85.0,2,18,40,2,54.8,0,70
358,359,1,4,3,59,62,61,49,50,85.0,2,18,40,2,56.2,0,70
359,360,0,4,3,80,90,89,49,85,85.0,2,18,40,2,78.6,0,70
360,361,0,2,3,58,62,59,49,74,85.0,2,18,40,2,60.4,0,70
361,362,1,5,2,85,84,78,49,60,85.0,2,18,40,2,71.2,0,70
362,363,0,4,1,52,58,58,49,59,85.0,2,18,40,2,55.2,0,80
363,364,0,5,3,27,34,32,49,53,85.0,2,18,40,2,39.0,0,80
364,365,1,4,3,59,60,58,49,49,85.0,2,18,40,2,55.0,0,80
365,366,1,1,2,49,58,60,49,88,85.0,2,18,40,2,60.8,0,80
366,367,1,2,2,69,58,53,49,54,85.0,2,18,40,2,56.6,0,80
367,368,1,1,3,61,66,61,49,63,85.0,2,18,40,2,60.0,0,80
368,369,0,5,3,44,64,58,49,65,85.0,2,18,40,2,56.0,0,80
369,370,0,5,3,73,84,85,49,82,85.0,2,18,40,2,74.6,0,80
370,371,1,4,1,84,77,71,49,52,85.0,2,18,40,2,66.6,0,70
371,372,0,4,2,45,73,70,49,87,85.0,2,18,40,2,64.8,0,70
372,373,1,5,3,74,74,72,49,70,85.0,2,18,40,2,67.8,0,70
373,374,0,4,2,82,97,96,49,84,95.0,2,18,40,2,81.6,0,70
374,375,0,1,3,59,70,73,49,71,95.0,2,18,40,2,64.4,0,70
375,376,1,0,3,46,43,41,49,63,95.0,2,18,40,2,48.4,0,67
376,377,0,5,3,80,90,82,49,51,95.0,2,18,40,2,70.4,0,65
377,378,0,3,2,85,95,100,97,84,95.0,2,18,40,2,92.2,1,67
378,379,0,5,3,71,83,77,49,71,95.0,2,14,40,2,70.2,0,68
379,380,1,1,1,66,64,62,49,74,95.0,2,14,40,2,63.0,0,59
380,381,0,0,3,80,86,83,49,68,95.0,2,14,40,2,73.2,0,78
381,382,1,0,2,87,100,95,49,57,95.0,2,14,40,2,77.6,0,65
382,383,1,3,3,79,81,71,83,82,95.0,2,14,40,2,79.2,1,80
383,384,0,5,3,38,49,45,83,57,95.0,2,14,40,2,54.4,0,80
384,385,0,5,3,38,43,43,83,47,95.0,2,14,40,2,50.8,0,80
385,386,0,4,1,67,76,75,83,59,95.0,2,14,40,2,72.0,1,80
386,387,0,1,1,64,73,70,83,41,95.0,2,14,40,2,66.2,0,80
387,388,0,0,3,57,78,67,83,62,95.0,2,14,40,2,69.4,1,80
388,389,0,2,3,62,64,64,83,86,95.0,2,14,40,2,71.8,1,80
389,390,1,3,1,73,70,75,83,69,95.0,2,14,40,2,74.0,1,80
390,391,1,5,2,73,67,59,83,65,95.0,2,14,40,2,69.4,1,70
391,392,0,4,3,77,68,77,83,68,95.0,2,14,40,2,74.6,1,70
392,393,1,4,3,76,67,67,83,64,95.0,2,14,40,2,71.4,1,70
393,394,1,0,2,57,54,56,83,61,95.0,2,14,40,2,62.2,1,70
394,395,0,5,2,65,74,77,83,61,95.0,2,14,40,2,72.0,1,70
395,396,1,2,3,48,45,41,83,35,95.0,2,14,40,2,50.4,0,80
396,397,0,2,3,50,67,63,83,58,95.0,2,14,40,2,64.2,1,80
397,398,0,0,1,85,89,95,83,61,81.0,2,14,40,2,82.6,1,80
398,399,1,5,3,74,63,57,83,69,81.0,2,14,40,2,69.2,1,80
399,400,1,5,3,60,59,54,83,67,81.0,2,14,40,2,64.6,1,80
400,401,0,5,2,59,54,67,83,79,81.0,2,14,40,2,68.4,1,80
401,402,1,4,3,53,43,43,83,72,81.0,2,14,40,2,58.8,0,80
402,403,0,4,1,49,65,55,55,62,81.0,2,14,40,2,57.2,0,80
403,404,0,2,2,88,99,100,99,77,81.0,1,14,40,0,92.6,1,70
404,405,0,2,3,54,59,62,88,75,81.0,1,14,40,0,67.6,1,70
405,406,0,5,3,63,73,68,88,87,81.0,1,14,40,0,75.8,1,70
406,407,1,0,2,65,65,63,88,52,81.0,1,14,40,0,66.6,1,70
407,408,0,0,3,82,80,77,88,66,81.0,1,14,40,0,78.6,1,70
408,409,0,2,2,52,57,56,88,63,81.0,1,14,100,0,63.2,1,67
409,410,1,0,2,87,84,85,88,46,81.0,1,14,100,0,78.0,0,65
410,411,0,3,2,70,71,74,88,59,81.0,1,14,100,0,72.4,1,67
411,412,1,4,2,84,83,78,88,61,81.0,1,14,100,0,78.8,1,68
412,413,1,0,3,71,66,60,88,63,81.0,1,9,100,0,69.6,1,59
413,414,1,5,2,63,67,67,88,42,81.0,1,9,100,0,65.4,0,78
414,415,0,1,2,51,72,79,88,59,81.0,1,9,100,0,69.8,1,65
415,416,1,2,3,84,73,69,88,80,81.0,1,9,100,0,78.8,1,80
416,417,1,1,2,71,74,68,87,58,81.0,1,9,100,0,71.6,1,80
417,418,1,0,3,74,73,67,68,85,81.0,1,9,100,1,73.4,1,80
418,419,1,4,3,68,59,62,65,52,81.0,1,9,100,1,61.2,1,80
419,420,1,2,2,57,56,54,65,27,81.0,1,9,100,1,51.8,0,80
420,421,0,0,2,82,93,93,65,59,81.0,1,9,100,1,78.4,1,80
421,422,0,2,2,57,58,64,65,49,81.0,1,9,100,1,58.6,0,80
422,423,0,3,2,47,58,67,65,69,81.0,1,15,100,1,61.2,0,80
423,424,0,5,2,59,85,80,65,61,81.0,1,11,100,1,70.0,1,70
424,425,1,4,3,41,39,34,65,44,81.0,1,11,100,1,44.6,0,70
425,426,0,4,1,62,67,62,65,73,81.0,1,11,100,1,65.8,1,70
426,427,1,1,3,86,83,86,65,84,81.0,1,11,100,1,80.8,1,70
427,428,1,5,3,69,71,65,65,45,81.0,1,11,100,1,63.0,0,70
428,429,1,5,1,65,59,53,65,74,81.0,1,11,100,1,63.2,1,80
429,430,1,5,3,68,63,54,65,82,81.0,1,11,100,1,66.4,1,80
430,431,1,0,1,64,66,59,44,59,81.0,1,11,100,1,58.4,0,80
431,432,0,2,3,61,72,70,44,46,81.0,1,11,100,1,58.6,0,80
432,433,1,2,1,61,56,55,44,80,81.0,1,11,100,1,59.2,0,80
433,434,0,5,3,47,59,50,44,85,81.0,1,11,100,1,57.0,0,80
434,435,1,5,3,73,66,66,44,71,81.0,1,11,100,1,64.0,0,80
435,436,1,4,2,50,48,53,44,66,81.0,1,11,100,1,52.2,0,80
436,437,1,0,3,75,68,64,44,80,81.0,1,11,100,1,66.2,0,70
437,438,1,0,3,75,66,73,44,87,81.0,1,11,100,1,69.0,0,70
438,439,1,2,3,70,56,51,44,79,96.0,1,11,100,1,60.0,0,70
439,440,1,5,2,89,88,82,44,38,96.0,1,11,100,1,68.2,0,70
440,441,0,4,2,67,81,79,44,38,96.0,1,11,100,1,61.8,0,70
441,442,0,2,3,78,81,80,44,67,96.0,1,11,100,1,70.0,0,67
442,443,0,5,3,59,73,69,44,64,96.0,1,11,100,1,61.8,0,65
443,444,0,0,1,73,83,76,44,57,96.0,1,11,100,1,66.6,0,67
444,445,1,5,3,79,82,73,44,62,96.0,1,11,100,1,68.0,0,68
445,446,0,5,2,67,74,77,75,73,96.0,1,11,100,1,73.2,1,59
446,447,1,4,3,69,66,60,75,73,96.0,1,11,100,1,68.6,1,78
447,448,1,2,2,86,81,80,75,77,96.0,1,11,100,1,79.8,1,65
448,449,1,2,3,47,46,42,75,76,96.0,1,11,100,1,57.2,0,75
449,450,1,0,3,81,73,72,75,57,73.0,1,11,100,1,71.6,1,75
450,451,0,4,2,64,85,85,75,65,73.0,1,12,100,1,74.8,1,75
451,452,0,4,3,100,92,97,75,48,73.0,1,12,100,1,82.4,0,75
452,453,0,0,3,65,77,74,75,50,73.0,1,12,100,1,68.2,1,75
453,454,1,4,1,65,58,49,75,85,73.0,1,12,100,1,66.4,0,75
454,455,0,0,3,53,61,62,75,74,73.0,1,12,100,1,65.0,1,75
455,456,1,1,3,37,56,47,75,60,73.0,1,12,100,1,55.0,0,75
456,457,0,1,1,79,89,89,75,59,73.0,1,12,100,1,78.2,1,75
457,458,1,0,3,53,54,48,75,53,73.0,1,12,100,1,56.6,0,75
458,459,0,1,3,100,100,100,88,49,73.0,1,12,100,1,87.4,0,75
459,460,1,2,2,72,65,68,70,88,73.0,1,12,100,1,72.6,1,75
460,461,1,1,3,53,58,55,70,54,73.0,1,12,100,1,58.0,1,75
461,462,1,4,3,54,54,45,70,63,73.0,1,12,100,1,57.2,0,75
462,463,0,4,1,71,70,76,70,65,73.0,1,12,100,1,70.4,1,75
463,464,0,4,3,77,90,91,70,82,73.0,1,12,100,1,82.0,1,75
464,465,1,1,2,75,58,62,70,52,73.0,1,12,100,1,63.4,1,75
465,466,0,4,3,84,87,91,70,87,73.0,1,13,100,1,83.8,1,75
466,467,0,0,3,26,31,38,70,70,73.0,1,13,100,1,47.0,0,75
467,468,1,2,2,72,67,65,70,84,73.0,1,13,100,1,71.6,1,75
468,469,0,2,2,77,88,85,70,71,73.0,1,13,100,1,78.2,1,75
469,470,1,4,3,91,74,76,70,63,73.0,1,13,100,1,74.8,1,75
470,471,0,0,2,83,85,90,70,51,84.0,1,13,100,1,75.8,1,75
471,472,0,2,3,63,69,74,70,84,84.0,1,13,100,1,72.0,1,75
472,473,0,0,2,68,86,84,70,71,84.0,1,13,100,1,75.8,1,75
473,474,0,5,3,59,67,61,70,74,84.0,1,13,100,1,66.2,1,75
474,475,0,0,2,90,90,91,70,68,84.0,1,13,100,1,81.8,1,75
475,476,0,1,2,71,76,83,70,57,84.0,1,13,100,1,71.4,1,75
476,477,1,1,2,76,62,66,70,82,84.0,1,13,100,1,71.2,1,75
477,478,1,0,3,80,68,72,70,57,84.0,1,13,100,1,69.4,1,75
478,479,0,3,3,55,64,70,70,47,84.0,1,13,100,1,61.2,0,75
479,480,1,0,3,76,71,67,67,59,84.0,1,13,100,1,68.0,1,75
480,481,1,2,2,73,71,68,67,41,84.0,1,13,100,1,64.0,0,75
481,482,0,0,3,52,59,56,67,62,84.0,1,13,100,1,59.2,1,75
482,483,1,4,3,68,68,61,67,86,84.0,1,13,100,1,70.0,1,75
483,484,1,2,3,59,52,46,67,69,84.0,1,13,100,1,58.6,0,75
484,485,0,0,1,49,52,54,67,65,84.0,1,13,100,1,57.4,0,75
485,486,1,2,3,70,74,71,67,68,84.0,1,13,100,1,70.0,1,75
486,487,1,4,1,61,47,56,67,64,84.0,1,13,100,1,59.0,0,75
487,488,0,0,3,60,75,74,67,61,84.0,1,13,100,1,67.4,1,75
488,489,1,5,2,64,53,57,67,61,84.0,1,13,100,1,60.4,1,75
489,490,1,0,2,79,82,82,67,82,84.0,1,13,100,1,78.4,1,75
490,491,0,0,3,65,85,76,67,76,84.0,1,13,100,1,73.8,1,75
491,492,0,0,3,64,64,70,67,70,66.0,1,15,100,1,67.0,1,75
492,493,0,4,1,83,83,90,89,90,67.0,1,15,100,1,87.0,1,75
493,494,0,1,3,81,88,90,89,90,68.0,1,15,100,1,87.6,1,75
494,495,0,2,3,54,64,68,98,68,69.0,1,15,100,1,70.4,1,75
495,496,1,2,2,68,64,66,57,66,70.0,1,15,100,1,64.2,1,75
496,497,0,4,3,54,48,52,57,52,71.0,1,15,100,1,52.6,0,75
497,498,0,4,2,59,78,76,57,76,72.0,1,15,100,1,69.2,1,75
498,499,0,5,3,66,69,68,57,68,73.0,1,15,100,1,65.6,1,75
499,500,1,4,1,76,71,72,57,72,74.0,1,15,100,1,69.6,1,75
500,501,0,3,3,74,79,82,57,82,60.0,1,15,100,1,74.8,1,75
501,502,0,0,2,94,87,92,57,92,66.0,1,15,100,1,84.4,1,75
502,503,1,4,3,63,61,54,57,54,65.0,1,15,100,1,57.8,1,75
503,504,0,0,2,95,89,92,57,92,79.0,1,15,100,1,85.0,1,75
504,505,0,3,3,40,59,54,57,54,79.0,1,15,100,1,52.8,0,75
505,506,0,5,3,82,82,80,57,80,79.0,1,15,100,1,76.2,1,75
506,507,1,2,3,68,70,66,57,66,79.0,1,15,60,1,65.4,1,75
507,508,1,1,1,55,59,54,57,54,79.0,1,15,60,1,55.8,1,75
508,509,1,3,3,79,78,77,57,77,79.0,1,15,60,1,73.6,1,75
509,510,0,1,1,86,92,87,57,87,79.0,1,15,60,1,81.8,1,75
510,511,1,4,3,76,71,73,57,73,79.0,1,15,60,1,70.0,1,75
511,512,1,5,3,64,50,43,57,43,79.0,1,15,60,1,51.4,0,75
512,513,1,5,3,62,49,52,57,52,79.0,1,15,60,1,54.4,0,75
513,514,0,5,2,54,61,62,57,62,79.0,1,15,60,1,59.2,1,75
514,515,0,3,2,77,97,94,57,94,79.0,1,15,60,1,83.8,1,75
515,516,0,5,2,76,87,85,57,85,79.0,1,15,60,1,78.0,1,75
516,517,0,4,3,74,89,84,57,89,79.0,1,15,60,1,78.6,1,75
517,518,0,4,2,66,74,73,57,74,79.0,1,15,60,1,68.8,1,75
518,519,0,5,2,66,78,78,57,78,98.0,1,15,60,1,71.4,1,75
519,520,0,2,2,67,78,79,57,78,99.0,1,15,60,1,71.8,1,75
520,521,1,4,3,71,49,52,57,49,100.0,1,15,60,1,55.6,0,75
521,522,0,0,3,91,86,84,57,86,77.0,1,15,60,1,80.8,1,75
522,523,1,1,3,69,58,57,57,58,77.0,1,15,60,1,59.8,1,75
523,524,1,3,3,54,59,50,57,59,77.0,1,15,60,1,55.8,1,75
524,525,1,2,2,53,52,49,57,52,77.0,1,15,60,1,52.6,0,75
525,526,1,4,3,68,60,59,57,60,77.0,1,15,60,1,60.8,1,75
526,527,1,5,2,56,61,60,57,61,77.0,1,15,60,1,59.0,1,75
527,528,0,2,3,36,53,43,57,53,77.0,1,15,60,1,48.4,0,75
528,529,0,1,3,29,41,47,57,41,77.0,1,15,60,1,43.0,0,75
529,530,0,0,3,62,74,70,57,74,77.0,1,15,60,1,67.4,1,75
530,531,0,0,2,68,67,73,57,67,77.0,1,15,60,1,66.4,1,75
531,532,0,5,3,47,54,53,57,54,77.0,1,15,60,1,53.0,0,75
532,533,1,0,2,62,61,58,57,61,77.0,1,15,60,1,59.8,1,75
533,534,0,0,2,79,88,94,57,88,77.0,1,15,60,1,81.2,1,75
534,535,1,2,2,73,69,68,57,69,77.0,1,15,60,1,67.2,1,75
535,536,0,1,2,66,83,83,57,83,77.0,1,15,60,1,74.4,1,75
536,537,1,0,2,51,60,58,57,60,77.0,1,15,60,1,57.2,1,75
537,538,0,2,3,51,66,62,57,66,77.0,1,15,60,1,60.4,1,75
538,539,1,1,2,85,66,71,57,66,77.0,1,15,60,1,69.0,1,75
539,540,1,0,2,97,92,86,57,92,77.0,1,15,60,0,84.8,1,75
540,541,1,2,2,75,69,68,57,69,77.0,1,15,60,0,67.6,1,75
541,542,1,0,2,79,82,80,57,82,77.0,1,15,60,0,76.0,1,75
542,543,0,0,3,81,77,79,57,77,77.0,1,15,60,0,74.2,1,75
543,544,0,0,1,82,95,89,57,95,77.0,1,15,60,0,83.6,1,75
544,545,0,3,3,64,63,66,57,63,77.0,1,15,60,0,62.6,1,75
545,546,1,5,2,78,83,80,57,83,77.0,1,15,60,0,76.2,1,75
546,547,0,5,2,92,100,97,57,100,77.0,1,15,60,0,89.2,1,75
547,548,1,2,2,72,67,64,57,67,77.0,1,15,90,0,65.4,1,75
548,549,0,2,3,62,67,64,57,67,77.0,1,15,30,0,63.4,1,75
549,550,1,3,3,79,72,69,57,60,70.0,2,14,45,0,67.4,1,80
550,551,1,0,1,52,42,73,91,93,90.0,2,10,90,1,70.2,0,62
551,552,1,2,1,55,63,40,61,76,78.0,2,13,90,1,59.0,0,61
552,553,1,0,1,57,55,62,94,69,89.0,3,11,90,1,67.4,1,68
553,554,1,0,1,91,94,42,64,43,75.0,4,13,90,1,66.8,0,86
554,555,0,0,3,55,41,54,65,44,65.0,1,15,90,1,51.8,0,91
555,556,0,3,2,97,45,69,70,37,91.0,3,15,90,1,63.6,0,74
556,557,0,5,2,89,60,73,59,46,90.0,1,12,90,1,65.4,0,82
557,558,1,5,2,62,48,64,88,53,87.0,4,14,90,1,63.0,0,67
558,559,0,2,2,68,68,59,40,73,77.0,1,15,90,1,61.6,0,89
559,560,1,2,2,97,86,47,100,37,58.0,2,15,90,1,73.4,0,64
560,561,0,3,3,83,69,40,62,99,81.0,2,11,90,1,70.6,0,78
561,562,1,0,2,70,72,68,76,73,50.0,1,13,90,1,71.8,1,92
562,563,1,2,2,89,70,74,50,39,96.0,4,14,90,1,64.4,0,72
563,564,1,0,2,71,92,64,49,53,61.0,3,13,90,1,65.8,0,73
564,565,1,0,2,70,98,55,57,52,47.0,4,10,90,1,66.4,1,94
565,566,1,0,3,77,58,68,70,87,56.0,1,12,90,1,72.0,1,62
566,567,0,3,1,75,62,53,78,60,80.0,1,11,90,1,65.6,1,71
567,568,0,5,3,50,52,87,89,35,100.0,1,12,90,1,62.6,0,91
568,569,0,5,2,56,49,51,56,75,59.0,3,11,90,1,57.4,0,87
569,570,1,2,2,82,76,58,95,93,86.0,4,11,90,1,80.8,1,94
570,571,0,2,2,79,45,93,74,96,88.0,4,10,90,1,77.4,0,89
571,572,1,3,3,97,84,70,64,96,80.0,3,15,90,1,82.2,1,79
572,573,0,0,3,70,49,55,49,50,75.0,4,13,120,1,54.6,0,72
573,574,1,2,1,100,91,53,49,76,72.0,4,12,120,1,73.8,0,92
574,575,1,0,1,56,70,75,57,36,57.0,3,13,120,1,58.8,0,87
575,576,0,0,1,90,47,65,64,75,91.0,1,15,120,1,68.2,0,89
576,577,0,0,1,56,77,89,40,95,94.0,3,10,120,1,71.4,0,64
577,578,0,3,3,67,99,69,43,90,76.0,2,11,120,1,73.6,0,91
578,579,1,5,2,100,66,71,85,100,52.0,3,13,120,1,84.4,1,67
579,580,0,5,2,50,52,52,87,55,78.0,1,12,120,1,59.2,1,79
580,581,0,2,2,91,85,86,72,49,92.0,2,12,120,1,76.6,0,92
581,582,1,2,2,58,45,90,50,81,63.0,1,10,120,1,64.8,0,84
582,583,0,3,2,50,77,61,73,70,97.0,1,10,120,1,66.2,1,75
583,584,0,4,3,77,90,79,71,47,75.0,1,11,120,1,72.8,0,61
584,585,0,0,2,67,50,91,88,80,97.0,3,12,120,1,75.2,1,94
585,586,1,2,2,58,75,91,98,96,85.0,3,15,120,1,83.6,1,66
586,587,1,2,2,91,78,64,100,66,97.0,2,15,30,1,79.8,1,62
587,588,1,4,2,83,100,71,63,43,94.0,4,14,30,1,72.0,0,63
588,589,0,0,3,82,56,75,83,48,54.0,2,15,30,1,68.8,0,93
589,590,1,2,1,64,55,96,47,51,76.0,2,15,30,1,62.6,0,95
590,591,1,0,3,92,54,85,40,95,92.0,2,11,30,1,73.2,0,74
591,592,0,5,2,100,41,56,93,96,54.0,3,12,30,1,77.2,0,81
592,593,0,0,2,71,79,75,63,47,81.0,2,10,30,1,67.0,0,71
593,594,0,1,2,87,62,69,73,44,71.0,1,15,30,1,67.0,0,84
594,595,1,1,3,91,74,65,46,64,74.0,2,10,30,1,68.0,0,79
595,596,0,0,3,69,67,83,97,90,43.0,4,12,30,1,81.2,1,65
596,597,0,3,1,67,89,51,48,56,97.0,4,15,30,1,62.2,0,66
597,598,1,0,1,56,98,70,54,73,92.0,1,15,30,1,70.2,1,75
598,599,0,2,1,77,85,79,78,100,66.0,2,12,30,1,83.8,1,79
599,600,0,0,1,50,94,78,79,99,53.0,1,15,30,1,80.0,1,89
600,601,0,4,3,93,85,95,96,82,59.0,3,11,30,1,90.2,1,82
601,602,1,2,2,86,58,78,95,56,88.0,1,15,30,1,74.6,1,74
602,603,1,0,2,79,72,50,97,88,41.0,4,15,30,1,77.2,1,84
603,604,1,2,2,53,60,82,92,66,55.0,2,10,30,1,70.6,1,69
604,605,0,4,2,84,72,59,45,47,53.0,4,10,30,1,61.4,0,73
605,606,1,0,2,73,63,93,42,45,72.0,1,10,30,1,63.2,0,94
606,607,1,5,3,66,46,83,96,70,43.0,4,13,30,1,72.2,0,85
607,608,0,0,2,81,45,77,63,49,70.0,3,10,30,1,63.0,0,74
608,609,0,0,2,62,67,82,94,70,82.0,4,15,30,1,75.0,1,61
609,610,0,0,2,92,75,71,91,58,81.0,1,13,30,1,77.4,1,74
610,611,1,4,2,96,60,65,78,89,91.0,3,12,30,1,77.6,1,75
611,612,0,1,3,57,43,97,89,60,44.0,4,12,30,1,69.2,0,95
612,613,0,2,1,75,45,52,95,68,92.0,1,13,30,1,67.0,0,79
613,614,1,2,3,85,45,45,56,92,58.0,3,11,30,1,64.6,0,94
614,615,0,4,2,89,40,55,89,72,88.0,2,15,30,1,69.0,0,61
615,616,0,4,2,79,81,95,55,91,61.0,4,12,30,1,80.2,1,77
616,617,0,5,2,68,98,77,97,37,80.0,3,15,30,1,75.4,0,69
617,618,1,4,3,70,55,92,93,63,66.0,4,14,30,1,74.6,1,83
618,619,1,3,3,67,49,94,89,64,82.0,2,14,30,1,72.6,0,80
619,620,1,0,1,78,81,81,41,72,51.0,2,11,30,1,70.6,0,84
620,621,0,4,1,62,76,82,46,67,76.0,4,14,30,1,66.6,0,79
621,622,1,0,1,55,80,63,61,91,57.0,4,14,30,1,70.0,1,73
622,623,1,3,1,79,48,84,67,38,99.0,1,14,30,1,63.2,0,71
623,624,0,5,3,44,41,46,89,52,54.0,2,13,30,1,54.4,0,91
624,625,1,2,2,69,41,60,80,96,67.0,4,15,30,1,69.2,0,83
625,626,0,1,2,87,51,63,66,67,84.0,2,11,30,1,66.8,1,93
626,627,0,3,2,51,96,88,91,83,53.0,3,12,30,1,81.8,1,64
627,628,1,1,2,56,85,89,100,96,65.0,3,13,30,1,85.2,1,69
628,629,0,4,2,50,64,73,81,46,41.0,2,11,30,1,62.8,0,85
629,630,0,5,3,50,56,61,65,37,74.0,4,11,30,1,53.8,0,83
630,631,0,5,2,54,66,98,48,51,81.0,3,12,30,1,63.4,0,60
631,632,1,5,2,52,62,45,93,78,46.0,4,11,30,1,66.0,0,74
632,633,0,3,2,41,57,65,95,50,61.0,1,10,30,1,61.6,0,93
633,634,1,5,2,56,81,77,50,41,46.0,1,12,30,1,61.0,0,87
634,635,1,4,3,65,61,63,47,45,98.0,3,14,30,1,56.2,0,66
635,636,0,4,1,59,63,63,49,45,64.0,1,13,30,1,55.8,0,62
636,637,0,5,3,55,57,43,91,48,74.0,4,10,30,1,58.8,0,76
637,638,0,2,2,58,98,45,78,46,56.0,4,20,30,1,65.0,0,62
638,639,0,4,2,81,53,44,88,80,41.0,2,14,30,1,69.2,0,71
639,640,0,0,2,90,82,95,85,77,69.0,2,20,30,1,85.8,1,75
640,641,0,1,3,56,77,56,52,48,86.0,2,12,30,1,57.8,0,60
641,642,1,3,3,86,59,44,70,46,61.0,1,15,30,1,61.0,0,66
642,643,1,2,1,56,41,88,44,43,62.0,1,12,30,1,54.4,0,86
643,644,0,4,1,57,42,60,41,62,77.0,4,13,30,1,52.4,0,63
644,645,1,5,1,75,55,76,83,79,42.0,3,13,30,1,73.6,1,90
645,646,1,2,1,88,83,79,58,73,66.0,3,13,30,1,76.2,1,75
646,647,0,1,3,91,90,63,61,41,48.0,3,11,30,1,69.2,0,60
647,648,1,0,2,71,65,90,89,54,88.0,4,19,30,1,73.8,1,92
648,649,0,0,2,68,42,81,59,44,96.0,4,10,30,1,58.8,0,84
649,650,0,5,2,63,53,96,54,75,48.0,2,18,30,1,68.2,1,62
650,651,1,0,2,84,90,65,75,66,79.0,3,16,30,1,76.0,1,68
651,652,1,0,2,76,41,61,79,65,40.0,2,15,30,1,64.4,0,85
652,653,0,2,3,84,62,46,86,53,50.0,3,18,30,1,66.2,0,77
653,654,1,1,2,98,57,62,61,42,42.0,4,19,30,1,64.0,0,94
654,655,0,0,2,64,70,48,71,46,63.0,1,15,30,1,59.8,0,72
655,656,0,2,2,50,74,71,78,54,89.0,4,19,30,1,65.4,1,63
656,657,0,1,2,70,89,94,89,56,82.0,2,16,30,1,79.6,1,90
657,658,0,0,3,51,61,79,49,50,84.0,1,15,30,1,58.0,0,84
658,659,1,2,1,73,44,41,53,77,68.0,1,20,30,1,57.6,0,82
659,660,0,0,3,71,61,94,58,73,87.0,3,11,30,1,71.4,1,91
660,661,0,0,2,82,51,96,93,58,91.0,2,20,30,0,76.0,1,90
661,662,1,0,2,41,41,81,92,78,85.0,1,14,30,0,66.6,0,70
662,663,0,3,2,71,57,56,100,74,80.0,2,16,30,0,71.6,1,69
663,664,1,5,3,70,85,89,66,65,58.0,3,13,30,0,75.0,1,76
664,665,1,5,3,78,66,57,88,79,62.0,1,14,30,0,73.6,1,95
665,666,1,2,1,76,63,78,64,43,61.0,3,14,30,0,64.8,0,65
666,667,0,2,1,42,51,98,77,76,65.0,1,18,30,0,68.8,0,80
667,668,1,3,1,87,68,98,56,57,43.0,4,17,30,0,73.2,1,82
668,669,1,0,1,69,49,83,64,52,45.0,4,18,150,0,63.4,0,66
669,670,1,2,3,88,58,60,72,60,99.0,4,20,150,0,67.6,1,87
670,671,1,0,2,87,60,40,58,48,42.0,2,15,150,0,58.6,0,95
671,672,1,0,2,87,49,41,72,63,63.0,4,16,150,2,62.4,0,80
672,673,0,0,2,69,60,70,41,78,65.0,2,18,150,2,63.6,0,68
673,674,0,3,2,62,83,74,62,80,54.0,1,10,150,2,72.2,1,77
674,675,0,5,2,67,64,49,75,77,65.0,4,18,150,2,66.4,0,64
675,676,0,5,3,63,70,64,73,60,67.0,2,19,150,2,66.0,1,91
676,677,1,2,2,83,46,62,56,61,42.0,1,15,150,2,61.6,0,77
677,678,0,2,2,89,70,45,85,77,49.0,4,14,150,2,73.2,0,68
678,679,1,3,2,71,41,96,80,43,68.0,4,20,150,2,66.2,0,63
679,680,1,0,2,62,48,95,50,79,49.0,1,20,150,2,66.8,0,73
680,681,1,2,3,85,42,49,87,59,51.0,2,13,150,2,64.4,0,74
681,682,0,0,1,88,79,73,89,61,70.0,2,18,150,2,78.0,1,86
682,683,0,0,3,83,40,83,60,44,82.0,3,11,150,2,62.0,0,84
683,684,0,0,2,78,58,64,94,45,83.0,3,14,150,2,67.8,0,67
684,685,0,3,2,85,76,82,40,65,81.0,2,20,150,2,69.6,0,71
685,686,1,5,2,64,95,50,41,69,81.0,4,16,150,2,63.8,0,80
686,687,0,5,3,81,58,55,99,47,67.0,3,10,150,2,68.0,0,65
687,688,1,2,3,62,77,92,82,73,67.0,1,10,150,2,77.2,1,75
688,689,1,2,1,72,95,100,44,75,77.0,3,20,100,2,77.2,0,81
689,690,1,3,1,78,55,67,76,79,60.0,2,12,100,2,71.0,1,77
690,691,1,0,1,71,49,62,90,65,91.0,3,10,100,2,67.4,0,65
691,692,0,2,1,88,78,57,53,48,59.0,1,10,100,2,64.8,0,90
692,693,0,0,3,84,59,62,69,74,65.0,3,15,100,2,69.6,1,69
693,694,0,0,2,70,93,82,63,71,74.0,3,10,100,2,75.8,1,67
694,695,1,0,2,62,56,50,68,78,54.0,4,17,100,2,62.8,1,80
695,696,0,3,2,89,55,92,79,78,97.0,3,14,100,2,78.6,1,91
696,697,1,5,2,77,69,52,76,66,67.0,4,16,100,2,68.0,1,85
697,698,0,5,2,74,47,75,92,58,54.0,4,16,100,2,69.2,0,75
698,699,1,2,3,81,48,51,57,70,73.0,4,11,100,2,61.4,0,86
699,700,0,2,2,72,91,45,98,45,54.0,1,20,100,2,70.2,0,87
700,701,1,3,2,75,59,51,61,42,47.0,4,19,100,2,57.6,0,66
701,702,1,4,2,74,52,98,88,65,86.0,3,18,100,2,75.4,1,77
702,703,1,0,2,80,62,50,83,70,49.0,4,12,100,2,69.0,1,88
703,704,0,2,3,82,54,90,56,77,46.0,2,17,100,2,71.8,1,81
704,705,0,2,1,80,61,67,82,79,66.0,4,16,200,2,73.8,1,89
705,706,1,4,3,75,40,79,87,60,76.0,1,19,200,2,68.2,0,87
706,707,0,0,2,81,49,47,42,59,41.0,2,11,200,2,55.6,0,62
707,708,0,2,2,62,96,97,63,48,59.0,1,16,200,2,73.2,0,90
708,709,1,0,2,83,40,71,96,41,65.0,2,20,200,2,66.2,0,77
709,710,0,5,3,78,66,57,62,65,51.0,4,16,200,2,65.6,1,87
710,711,1,0,3,60,40,56,86,62,71.0,4,16,200,2,60.8,0,80
711,712,0,1,1,67,98,84,63,66,81.0,1,16,200,2,75.6,1,91
712,713,0,1,1,74,66,67,99,79,54.0,1,14,200,2,77.0,1,69
713,714,0,0,1,79,41,68,97,59,90.0,4,11,200,2,68.8,0,61
714,715,0,3,1,78,71,77,82,73,88.0,2,11,200,2,76.2,1,65
715,716,0,0,3,61,55,84,68,72,77.0,1,13,200,2,68.0,1,83
716,717,0,2,2,63,60,56,52,45,83.0,3,12,200,2,55.2,0,79
717,718,1,0,2,74,40,52,90,64,47.0,3,20,200,2,64.0,0,65
718,719,1,4,2,73,88,98,94,73,78.0,3,16,200,2,85.2,1,71
719,720,0,2,2,80,79,75,71,75,78.0,2,17,200,2,76.0,1,63
720,721,1,0,2,61,86,57,85,53,82.0,1,20,25,2,68.4,1,65
721,722,1,2,3,86,49,100,96,45,83.0,1,15,25,2,75.2,0,65
722,723,0,4,2,75,50,74,46,52,87.0,4,12,25,2,59.4,0,73
723,724,1,0,2,60,54,68,75,41,90.0,3,18,25,2,59.6,0,62
724,725,1,5,2,74,81,98,96,67,77.0,3,10,25,2,83.2,1,85
725,726,0,0,2,80,57,96,91,60,58.0,2,20,25,2,76.8,1,95
726,727,1,0,3,79,95,71,94,71,64.0,1,17,25,2,82.0,1,86
727,728,1,0,1,77,59,79,71,63,74.0,1,18,25,2,69.8,1,73
728,729,0,4,3,74,60,43,53,42,41.0,1,13,25,2,54.4,0,75
729,730,1,1,2,73,75,98,68,77,50.0,1,18,25,2,78.2,1,82
730,731,1,2,2,73,82,90,57,67,41.0,2,14,25,2,73.8,1,82
731,732,0,2,2,83,88,74,66,50,44.0,3,14,25,2,72.2,1,72
732,733,0,4,3,77,67,87,68,59,71.0,1,15,25,2,71.6,1,74
733,734,0,4,3,71,77,72,56,41,42.0,2,11,45,2,63.4,0,90
734,735,0,5,1,69,42,87,42,50,61.0,2,19,45,2,58.0,0,78
735,736,0,4,1,69,84,63,73,68,48.0,1,16,45,2,71.4,1,75
736,737,1,3,1,84,81,60,43,72,80.0,2,20,45,2,68.0,0,63
737,738,0,0,1,83,74,52,60,66,54.0,4,15,45,2,67.0,1,64
738,739,0,4,3,83,62,51,53,59,95.0,4,17,45,2,61.6,1,63
739,740,0,0,2,79,58,95,61,50,80.0,1,16,45,2,68.6,1,70
740,741,1,3,2,90,68,82,73,60,87.0,3,20,45,2,74.6,1,77
741,742,0,5,2,87,59,74,50,61,74.0,2,20,45,2,66.2,1,77
742,743,0,2,2,63,99,61,68,52,65.0,3,12,45,2,68.6,1,64
743,744,1,1,2,70,54,40,47,80,60.0,4,15,45,2,58.2,0,65
744,745,0,3,3,75,43,47,82,57,55.0,1,11,45,2,60.8,0,72
745,746,0,1,2,62,47,91,89,47,87.0,3,17,45,2,67.2,0,76
746,747,0,4,2,64,96,72,50,67,40.0,4,16,45,2,69.8,1,81
747,748,1,5,2,63,82,95,49,49,89.0,2,10,45,2,67.6,0,94
748,749,1,5,2,83,55,59,80,40,62.0,1,12,45,2,63.4,0,80
749,750,1,5,3,71,66,81,70,75,61.0,1,13,45,2,72.6,1,86
750,751,0,3,1,82,58,85,54,59,44.0,4,15,45,2,67.6,1,76
751,752,1,5,3,78,59,82,43,68,74.0,3,13,45,2,66.0,0,63
752,753,1,4,2,70,45,56,82,58,73.0,2,13,45,2,62.2,0,68
753,754,1,4,2,83,47,48,91,66,49.0,2,17,45,2,67.0,0,93
754,755,0,5,2,66,42,65,64,75,80.0,1,17,45,2,62.4,0,81
755,756,0,2,3,73,58,93,70,57,48.0,1,14,45,2,70.2,1,83
756,757,0,4,3,80,45,65,84,47,81.0,1,12,45,2,64.2,0,80
757,758,0,0,1,68,95,78,87,75,53.0,3,12,45,2,80.6,1,64
758,759,0,1,1,81,80,61,52,57,54.0,3,14,60,2,66.2,1,60
759,760,0,3,1,77,84,53,90,64,67.0,1,13,60,2,73.6,1,55
760,761,0,2,1,68,85,87,62,42,58.0,4,20,60,2,68.8,0,54
761,762,1,4,1,70,59,96,76,68,91.0,1,20,60,2,73.8,1,67
762,763,0,5,3,87,95,60,93,42,79.0,1,18,60,2,75.4,0,50
763,764,1,2,3,75,50,55,60,78,88.0,2,19,60,0,63.6,1,56
764,765,1,1,1,88,71,72,75,54,48.0,1,18,60,0,72.0,1,61
765,766,1,0,3,82,66,45,50,53,48.0,4,12,60,0,59.2,0,61
766,767,1,0,3,80,47,55,43,65,40.0,2,19,60,0,58.0,0,52
767,768,1,5,2,78,40,96,67,75,57.0,4,13,60,0,71.2,0,68
768,769,0,0,3,65,47,81,84,63,98.0,2,16,60,0,68.0,0,50
769,770,0,0,3,75,97,73,80,59,77.0,4,16,60,0,76.8,1,55
770,771,0,2,1,87,95,75,69,65,91.0,4,12,60,0,78.2,1,61
771,772,0,1,3,86,98,100,44,65,93.0,3,10,60,0,78.6,0,50
772,773,0,0,2,85,66,99,80,55,86.0,4,10,60,0,77.0,1,64
773,774,1,2,3,66,74,67,53,51,82.0,1,13,60,0,62.2,1,69
774,775,0,1,3,87,53,42,70,53,60.0,2,20,60,2,61.0,0,63
775,776,1,0,2,77,68,41,42,55,50.0,3,18,60,2,56.6,0,69
776,777,0,2,2,81,50,100,47,58,88.0,1,13,60,2,67.2,0,52
777,778,1,0,3,83,95,76,58,59,51.0,1,10,60,2,74.2,1,62
778,779,1,0,2,80,77,67,91,42,91.0,2,11,60,2,71.4,0,63
779,780,0,0,3,76,46,43,71,62,78.0,1,16,60,2,59.6,0,57
780,781,0,3,2,77,50,99,71,47,96.0,2,19,60,2,68.8,0,50
781,782,0,5,3,71,61,93,76,44,60.0,4,13,60,2,69.0,0,70
782,783,0,5,2,86,40,85,80,79,75.0,2,12,60,2,74.0,0,70
783,784,1,2,2,77,71,83,46,42,41.0,4,19,60,2,63.8,0,59
784,785,0,2,2,75,90,82,83,47,57.0,4,16,60,2,75.4,0,62
785,786,1,3,3,75,96,47,76,78,66.0,1,12,60,2,74.4,0,59
786,787,1,0,3,66,76,81,99,72,44.0,2,10,60,2,78.8,1,52
787,788,1,2,3,78,73,93,82,51,41.0,2,20,60,2,75.4,1,69
788,789,1,0,1,80,73,81,100,55,46.0,4,20,60,0,77.8,1,63
789,790,0,0,3,73,44,80,67,40,94.0,4,17,60,0,60.8,0,70
790,791,0,0,3,68,70,96,90,54,78.0,4,12,60,0,75.6,1,55
791,792,0,3,1,85,91,47,48,45,42.0,4,11,60,0,63.2,0,50
792,793,1,5,3,74,91,76,79,75,58.0,4,17,60,0,79.0,1,55
793,794,0,5,3,80,44,53,73,58,85.0,4,17,60,0,61.6,0,50
794,795,1,2,2,62,72,45,67,64,84.0,2,15,60,0,62.0,0,45
795,796,0,2,3,71,52,54,57,62,88.0,1,14,60,0,59.2,1,43
796,797,1,3,3,64,75,56,47,76,57.0,2,19,60,0,63.6,0,44
797,798,0,0,1,72,68,81,71,52,67.0,4,16,60,0,68.8,1,44
798,799,1,2,3,82,46,52,86,66,72.0,2,12,60,0,66.4,0,42
799,800,1,0,2,61,77,48,54,74,69.0,2,13,75,2,62.8,0,43
800,801,1,0,3,71,77,66,74,73,98.0,2,16,75,2,72.2,1,45
801,802,0,0,3,63,82,72,77,72,64.0,3,20,75,2,73.2,1,47
802,803,0,3,2,62,62,48,54,64,47.0,4,14,75,2,58.0,0,45
803,804,1,5,2,60,68,58,41,57,50.0,3,12,75,2,56.8,0,40
804,805,0,5,3,72,70,94,51,45,76.0,1,16,75,2,66.4,0,45
805,806,0,2,2,75,76,89,80,41,80.0,3,17,75,2,72.2,0,40
806,807,1,2,3,78,50,56,89,45,98.0,2,14,75,2,63.6,0,44
807,808,0,3,2,65,85,100,82,73,79.0,4,12,75,2,81.0,1,41
808,809,1,0,3,72,76,99,93,67,51.0,4,14,75,2,81.4,1,41
809,810,0,2,2,75,52,47,56,67,58.0,2,11,75,2,59.4,0,75
810,811,0,0,2,81,66,57,95,40,80.0,1,14,75,2,67.8,0,92
811,812,0,0,2,88,88,82,84,68,70.0,3,18,75,2,82.0,1,83
812,813,0,0,3,85,77,60,67,76,73.0,1,16,75,2,73.0,1,74
813,814,0,3,3,80,89,67,66,68,61.0,1,15,75,0,74.0,1,72
814,815,0,5,3,67,61,87,49,72,40.0,4,16,75,2,67.2,0,83
815,816,1,5,1,74,41,61,43,64,50.0,2,17,75,0,56.6,0,95
816,817,1,2,3,73,95,55,40,62,55.0,3,20,75,2,65.0,0,85
817,818,0,2,3,60,98,41,55,43,44.0,4,11,75,0,59.4,0,89
818,819,1,3,1,86,51,52,56,78,96.0,2,18,75,2,64.6,1,80
819,820,1,4,3,86,84,93,48,54,54.0,4,11,75,1,73.0,0,77
820,821,0,0,3,64,60,67,55,41,92.0,4,16,75,1,57.4,0,81
821,822,1,2,2,72,93,95,93,62,96.0,4,15,80,1,83.0,1,89
822,823,1,2,3,71,89,82,88,78,88.0,2,10,80,1,81.6,1,87
823,824,0,4,3,80,99,65,43,62,61.0,1,13,80,1,69.8,0,74
824,825,1,0,1,63,91,73,82,71,69.0,1,17,80,1,76.0,1,73
825,826,1,2,3,61,66,58,52,56,65.0,2,13,80,1,58.6,1,100
826,827,0,0,2,71,80,41,58,54,48.0,4,10,80,0,60.8,0,83
827,828,1,5,3,86,48,77,59,49,50.0,2,17,80,2,63.8,0,70
828,829,1,0,3,81,91,55,91,41,49.0,3,10,80,2,71.8,0,87
829,830,0,1,2,78,88,53,97,80,89.0,2,15,80,2,79.2,1,99
830,831,0,1,2,77,85,64,52,58,50.0,4,16,80,2,67.2,1,98
831,832,0,0,3,75,42,75,80,45,58.0,3,17,80,2,63.4,0,92
832,833,0,3,2,85,58,62,42,64,46.0,4,15,80,2,62.2,0,95
833,834,0,0,3,69,48,66,49,49,89.0,3,10,80,2,56.2,0,98
834,835,1,2,2,81,42,78,99,44,90.0,4,14,80,2,68.8,0,99
835,836,0,0,3,62,65,46,97,70,60.0,2,14,80,2,68.0,0,75
836,837,0,4,2,67,72,56,57,41,87.0,2,12,80,2,58.6,0,77
837,838,0,2,2,68,47,100,53,80,68.0,4,11,80,2,69.6,0,89
838,839,1,0,2,79,45,97,88,75,92.0,4,10,80,2,76.8,0,100
839,840,0,2,3,88,93,61,52,64,76.0,1,17,80,2,71.6,1,71
840,841,0,4,3,82,60,96,42,76,68.0,3,15,80,2,71.2,0,100
841,842,1,0,3,65,76,83,67,47,77.0,4,13,80,2,67.6,0,73
842,843,0,5,1,80,83,43,75,74,66.0,2,10,80,2,71.0,0,91
843,844,0,0,3,87,43,78,73,53,84.0,4,19,80,2,66.8,0,91
844,845,0,0,3,62,81,79,40,44,55.0,4,20,80,2,61.2,0,80
845,846,1,0,1,68,60,93,48,68,43.0,4,10,80,2,67.4,0,76
846,847,1,4,3,70,89,87,54,76,90.0,2,16,80,2,75.2,1,74
847,848,1,1,3,75,100,88,67,68,63.0,4,18,80,2,79.6,1,81
848,849,0,2,2,80,72,52,57,60,75.0,2,19,80,2,64.2,1,98
849,850,1,2,3,79,89,88,78,74,54.0,1,18,80,1,81.6,1,81
850,851,1,4,3,67,75,90,55,66,72.0,2,18,80,1,70.6,1,80
851,852,1,4,1,74,78,68,56,76,60.0,4,20,80,1,70.4,1,99
852,853,0,5,3,61,66,82,87,64,63.0,3,11,80,1,72.0,1,80
853,854,0,4,2,64,86,69,78,67,86.0,3,11,40,1,72.8,1,77
854,855,0,3,3,78,44,54,64,58,68.0,2,13,40,1,59.6,0,98
855,856,0,0,3,64,52,89,56,47,76.0,3,17,40,1,61.6,0,74
856,857,0,4,2,83,61,47,75,41,47.0,1,12,40,0,61.4,0,87
857,858,0,0,2,62,40,66,99,58,99.0,1,18,40,2,65.0,0,83
858,859,0,3,3,89,62,40,45,52,87.0,1,19,40,0,57.6,0,89
859,860,1,5,2,63,81,59,66,70,47.0,3,19,40,2,67.8,1,71
860,861,0,2,3,79,80,90,48,67,100.0,3,20,40,0,72.8,0,77
861,862,1,1,2,63,81,42,72,69,58.0,1,10,40,2,65.4,0,78
862,863,1,3,3,86,67,92,98,68,79.0,2,18,40,1,82.2,1,73
863,864,1,1,2,69,43,68,91,80,51.0,2,13,40,1,70.2,0,77
864,865,1,4,2,77,63,76,63,77,95.0,4,12,40,1,71.2,1,95
865,866,1,5,2,82,58,67,95,60,61.0,1,10,40,1,72.4,1,91
866,867,0,5,3,81,57,95,98,64,94.0,4,13,40,1,79.0,1,87
867,868,0,5,3,78,64,51,50,62,91.0,3,19,40,1,61.0,1,80
868,869,0,3,3,79,75,70,89,61,52.0,4,20,40,1,74.8,1,80
869,870,0,5,1,77,91,88,81,68,82.0,4,17,40,0,81.0,1,98
870,871,0,4,3,76,80,86,66,61,77.0,2,19,40,2,73.8,1,84
871,872,1,4,3,89,42,95,41,72,43.0,1,15,40,2,67.8,0,93
872,873,0,5,1,62,77,85,92,69,74.0,2,16,40,2,77.0,1,96
873,874,1,2,3,78,96,67,66,80,69.0,2,13,40,2,77.4,1,84
874,875,0,4,3,66,56,50,41,60,55.0,3,16,40,2,54.6,0,78
875,876,1,0,2,68,56,95,70,61,92.0,3,16,40,2,70.0,1,84
876,877,0,1,3,87,81,51,94,45,84.0,4,18,40,2,71.6,0,90
877,878,1,3,3,60,82,84,89,63,46.0,1,11,40,2,75.6,1,75
878,879,1,2,1,85,87,83,83,75,86.0,1,20,40,2,82.6,1,97
879,880,1,4,3,79,96,52,94,74,96.0,1,12,40,2,79.0,1,92
880,881,1,5,2,69,86,52,52,40,86.0,3,15,40,2,59.8,0,97
881,882,1,2,3,77,84,54,96,53,64.0,4,15,40,2,72.8,1,81
882,883,0,1,3,81,72,89,88,71,75.0,2,13,40,2,80.2,1,86
883,884,1,0,2,60,62,86,88,44,48.0,3,17,40,2,68.0,0,99
884,885,1,0,2,87,66,96,69,76,46.0,2,18,40,2,78.8,1,73
885,886,1,5,3,73,66,81,100,70,68.0,2,19,40,2,78.0,1,72
886,887,1,0,2,63,66,56,83,43,79.0,3,10,40,2,62.2,0,75
887,888,0,0,3,82,98,50,90,62,96.0,1,17,40,2,76.4,1,93
888,889,1,2,2,84,91,52,74,45,98.0,2,18,40,2,69.2,0,72
889,890,0,1,3,73,47,98,52,48,43.0,2,16,40,2,63.6,0,91
890,891,0,0,2,85,95,57,47,45,74.0,4,15,40,2,65.8,0,94
891,892,0,2,2,62,52,54,49,67,74.0,1,19,40,2,56.8,0,99
892,893,0,1,2,63,83,70,99,61,48.0,3,16,40,1,75.2,1,84
893,894,0,0,3,76,93,54,71,54,100.0,1,13,40,1,69.6,1,86
894,895,1,2,3,67,87,58,53,77,42.0,3,16,40,1,68.4,1,98
895,896,0,0,3,69,48,78,40,50,72.0,1,15,40,1,57.0,0,93
896,897,1,0,1,65,82,79,62,78,88.0,3,11,40,1,73.2,1,84
897,898,0,0,3,88,41,96,55,54,67.0,1,14,40,1,66.8,0,71
898,899,1,3,3,63,73,64,80,41,61.0,3,16,40,1,64.2,0,81
899,900,0,5,1,68,42,69,89,78,80.0,3,20,40,0,69.2,0,80
900,901,1,5,3,63,64,81,54,44,76.0,2,10,40,2,61.2,0,100
901,902,1,2,3,79,57,84,69,55,100.0,2,19,40,0,68.8,1,75
902,903,1,2,2,80,93,54,77,53,84.0,3,20,40,2,71.4,1,79
903,904,1,3,3,65,76,77,89,45,87.0,4,13,40,0,70.4,0,98
904,905,1,0,3,68,87,73,54,70,91.0,1,20,40,2,70.4,1,71
905,906,0,2,1,67,80,95,66,46,96.0,3,17,40,1,70.8,0,71
906,907,1,0,3,69,95,49,100,56,50.0,2,16,40,1,73.8,0,94
907,908,1,0,2,67,95,45,51,47,78.0,4,13,40,1,61.0,0,100
908,909,1,0,3,77,75,86,98,65,55.0,2,17,40,1,80.2,1,70
909,910,1,3,3,66,61,44,73,49,98.0,4,10,40,1,58.6,0,91
910,911,0,5,2,80,79,88,94,68,54.0,4,19,40,1,81.8,1,75
911,912,1,5,2,81,71,99,69,42,56.0,3,12,40,1,72.4,0,82
912,913,0,2,3,89,63,99,74,47,90.0,1,13,40,0,74.4,0,75
913,914,0,2,2,89,84,75,53,71,65.0,4,19,40,2,74.4,1,85
914,915,0,3,3,71,83,89,48,74,41.0,3,13,40,2,73.0,0,93
915,916,0,0,2,74,92,70,98,53,97.0,2,16,40,2,77.4,1,88
916,917,0,2,3,87,96,94,43,76,62.0,3,17,40,2,79.2,0,78
917,918,1,0,2,66,83,69,52,79,64.0,1,18,40,2,69.8,1,86
918,919,0,0,2,79,85,67,75,63,92.0,3,18,40,2,73.8,1,73
919,920,1,0,2,68,94,94,97,77,64.0,3,17,40,2,86.0,1,73
920,921,0,3,3,77,100,74,73,46,61.0,2,20,40,2,74.0,0,82
921,922,1,5,3,83,73,43,92,62,97.0,4,19,40,2,70.6,0,95
922,923,0,5,3,83,55,41,80,52,72.0,3,16,40,2,62.2,0,85
923,924,1,2,1,69,70,95,72,78,61.0,1,19,40,2,76.8,1,77
924,925,1,2,3,86,88,81,74,70,51.0,4,19,40,2,79.8,1,98
925,926,1,3,2,70,62,93,91,60,59.0,2,14,40,2,75.2,1,77
926,927,1,0,3,80,45,59,44,75,93.0,1,16,40,2,60.6,0,90
927,928,1,2,3,77,81,52,80,79,59.0,2,18,40,2,73.8,1,81
928,929,0,0,2,87,62,59,79,76,67.0,2,14,40,2,72.6,1,91
929,930,1,0,2,80,86,88,97,40,95.0,3,12,40,2,78.2,0,100
930,931,1,0,3,77,90,72,41,76,40.0,3,10,40,2,71.2,0,73
931,932,1,3,2,63,72,90,89,76,54.0,1,19,40,2,78.0,1,79
932,933,1,5,3,73,62,44,65,50,80.0,1,14,40,2,58.8,0,87
933,934,0,5,2,61,47,47,76,80,77.0,2,11,40,2,62.2,0,85
934,935,1,2,3,65,84,60,98,60,56.0,2,17,40,2,73.4,1,78
935,936,0,2,2,61,78,66,63,59,41.0,2,16,40,1,65.4,1,81
936,937,0,3,2,67,41,57,47,54,45.0,2,19,40,1,53.2,0,98
937,938,0,0,2,86,58,74,52,71,76.0,3,10,40,1,68.2,1,89
938,939,0,5,3,68,61,84,62,45,77.0,1,10,40,1,64.0,0,89
939,940,0,0,3,65,96,48,41,79,57.0,4,20,40,1,65.8,0,87
940,941,1,2,3,85,88,76,41,59,67.0,4,16,40,1,69.8,0,81
941,942,0,0,1,71,77,84,84,46,59.0,4,17,40,1,72.4,0,76
942,943,1,4,3,71,96,93,76,54,51.0,4,17,40,0,78.0,1,92
943,944,0,5,3,79,80,66,61,48,44.0,1,10,40,2,66.8,0,90
944,945,1,0,1,75,55,61,84,49,97.0,2,20,40,0,64.8,0,78
945,946,0,0,3,74,96,54,73,48,49.0,4,10,40,2,69.0,0,95
946,947,1,0,1,87,76,67,93,55,47.0,1,15,40,0,75.6,1,93
947,948,1,4,3,62,87,88,58,72,74.0,4,17,40,2,73.4,1,78
948,949,1,4,2,70,82,83,40,76,64.0,3,16,40,1,70.2,0,93
949,950,1,5,3,90,61,40,49,41,44.0,4,16,40,1,56.2,0,82
950,951,1,0,3,86,96,47,76,79,86.0,1,20,40,1,76.8,0,89
951,952,0,2,2,84,57,70,51,60,54.0,1,15,40,1,64.4,1,77
952,953,1,0,2,79,94,74,78,57,46.0,1,18,40,1,76.4,1,81
953,954,1,1,3,82,64,63,43,63,73.0,3,18,40,1,63.0,0,84
954,955,1,1,2,79,49,72,75,55,50.0,1,19,40,1,66.0,0,90
955,956,1,0,3,69,94,41,98,51,61.0,1,15,40,0,70.6,0,75
956,957,0,1,2,87,62,69,57,65,47.0,4,20,40,2,68.0,1,84
957,958,1,2,3,72,81,48,48,53,45.0,1,11,40,2,60.4,0,90
958,959,0,3,2,66,47,59,82,41,70.0,1,17,100,2,59.0,0,90
959,960,0,0,2,62,91,76,64,54,65.0,3,15,100,2,69.4,1,93
960,961,0,1,2,64,63,91,59,47,90.0,3,13,100,2,64.8,0,94
961,962,0,0,3,72,56,90,74,77,62.0,2,11,100,2,73.8,1,79
962,963,0,2,3,75,64,100,67,69,77.0,2,15,100,2,75.0,1,83
963,964,1,2,3,79,62,52,50,77,55.0,1,11,100,2,64.0,1,97
964,965,0,4,1,64,78,95,57,73,99.0,1,14,100,2,73.4,1,79
965,966,1,5,3,61,49,85,50,74,68.0,3,16,100,2,63.8,0,85
966,967,0,2,3,89,73,75,60,56,69.0,1,14,100,2,70.6,1,83
967,968,1,4,1,77,76,50,91,74,57.0,2,18,100,2,73.6,1,96
968,969,0,4,3,62,75,51,88,59,99.0,1,17,100,2,67.0,1,80
969,970,1,4,1,87,56,90,90,45,73.0,4,10,100,2,73.6,0,75
970,971,1,0,3,86,71,45,91,79,66.0,3,15,100,2,74.4,0,94
971,972,1,5,2,67,48,87,97,43,46.0,3,14,100,2,68.4,0,99
972,973,1,2,3,89,46,42,40,42,71.0,3,11,100,2,51.8,0,100
973,974,1,0,3,60,89,64,56,61,94.0,2,14,100,2,66.0,1,92
974,975,0,0,2,68,85,93,72,54,74.0,1,14,100,2,74.4,1,74
975,976,1,0,2,61,71,59,61,57,59.0,4,17,100,2,61.8,1,100
976,977,1,1,3,83,71,70,48,60,79.0,4,16,100,2,66.4,0,96
977,978,1,4,2,78,62,52,85,62,90.0,1,18,100,2,67.8,1,78
978,979,1,5,3,73,97,69,95,76,66.0,2,13,100,1,82.0,1,79
979,980,0,0,2,82,85,92,53,43,71.0,1,15,100,1,71.0,0,86
980,981,1,5,3,81,64,53,64,73,73.0,3,14,100,1,67.0,1,86
981,982,0,5,2,68,75,77,65,61,40.0,2,10,100,1,69.2,1,96
982,983,0,2,2,88,76,81,96,66,43.0,1,17,100,1,81.4,1,72
983,984,0,2,2,79,61,48,55,73,83.0,3,12,100,1,63.2,0,85
984,985,0,2,3,72,69,58,88,48,95.0,2,18,100,1,67.0,0,97
985,986,0,0,3,90,75,73,95,75,93.0,1,20,100,0,81.6,1,90
986,987,1,4,3,85,82,48,93,79,61.0,4,16,100,2,77.4,0,89
987,988,0,2,1,79,71,55,89,72,49.0,4,15,100,0,73.2,1,86
988,989,1,4,3,62,69,92,42,68,59.0,3,17,100,2,66.6,0,71
989,990,0,1,3,66,75,84,81,64,58.0,4,20,100,0,74.0,1,72
990,991,1,2,1,66,87,75,42,60,57.0,3,20,100,2,66.0,0,87
991,992,0,0,3,86,60,63,66,60,82.0,4,19,100,1,67.0,1,93
992,993,1,1,3,60,82,92,55,51,53.0,1,13,100,1,68.0,1,71
993,994,1,4,3,66,97,47,58,53,75.0,4,14,100,1,64.2,0,82
994,995,1,4,3,81,74,81,89,65,47.0,3,18,100,1,78.0,1,74
995,996,1,0,1,90,85,89,69,40,75.0,1,12,100,1,74.6,0,72
996,997,1,4,3,65,89,87,63,57,80.0,4,11,100,1,72.2,1,98
997,998,0,1,3,75,100,71,76,69,52.0,4,13,100,1,78.2,1,91
998,999,1,0,1,70,82,44,75,56,58.0,2,20,100,0,65.4,0,98
999,1000,1,3,1,75,65,80,67,72,84.0,1,17,100,1,71.8,1,78
1000,1001,1,1,3,75,78,86,58,88,80.0,2,15,100,1,77.0,1,68
1001,1002,1,1,1,85,88,90,91,92,85.0,1,19,25,1,89.0,1,80
1002,1003,0,1,3,67,73,70,65,80,90.0,4,18,45,1,71.0,1,67
1003,1004,0,1,3,80,70,73,84,65,80.5,3,20,45,0,74.4,1,86
1004,1005,1,4,1,85,90,87,89,90,87.0,3,19,150,1,88.3,1,90
1005,1006,1,3,3,73,71,66,63,73,85.0,2,19,150,1,69.2,1,80
1006,1007,0,1,3,85,75,90,88,87,93.0,3,19,45,1,85.0,1,77
1007,1008,0,1,0,56,72,79,56,67,89.0,3,15,100,0,71.6,1,58
1008,1009,0,1,3,71,79,79,77,74,88.0,2,19,60,2,76.0,1,90
1009,1010,1,1,3,77,63,73,73,57,87.0,6,16,75,1,68.6,1,80
1010,1011,1,1,0,73,88,77,74,88,90.0,4,19,75,0,80.0,1,89
1011,1012,0,1,3,78,70,81,75,83,80.0,3,15,150,1,77.4,1,77
1012,1013,0,1,3,70,70,80,60,80,91.0,3,17,25,0,72.0,1,75
1013,1014,1,1,0,65,66,64,56,67,86.0,1,18,60,2,63.6,1,70
